{
	"_id": 1,
	"ParentId": 0,
	"CreateDate": "2019-01-01",
	"LastModified": "2019-01-01",
	"DeptCode": "0",
	"title": "中国建筑材料工业地质勘查中心湖南总队",
	"expand": true,
	"children": [{
		"_id": 2,
		"title": "研发测试1",
		"ParentId": "1",
		"CreateDate": "2019-07-02",
		"LastModified": "2019-07-03",
		"DeptCode": "1.2"
	}, {
		"_id": 4,
		"title": "安保部",
		"ParentId": "1",
		"CreateDate": "2019-07-03",
		"LastModified": "2019-07-04",
		"DeptCode": "1.4"
	}, {
		"_id": 5,
		"title": "总工办",
		"ParentId": "1",
		"CreateDate": "2019-07-04",
		"LastModified": "2019-07-05",
		"DeptCode": "1.5"
	}, {
		"_id": 6,
		"title": "办公室",
		"ParentId": "1",
		"CreateDate": "2019-07-05",
		"LastModified": "2019-07-06",
		"DeptCode": "1.6"
	}, {
		"_id": 7,
		"title": "财务部",
		"ParentId": "1",
		"CreateDate": "2019-07-06",
		"LastModified": "2019-07-07",
		"DeptCode": "1.7"
	}, {
		"_id": 8,
		"title": "总队领导班子",
		"ParentId": "1",
		"CreateDate": "2019-07-07",
		"LastModified": "2019-07-08",
		"DeptCode": "1.8"
	}, {
		"_id": 9,
		"title": "审计部",
		"ParentId": "1",
		"CreateDate": "2019-07-08",
		"LastModified": "2019-07-09",
		"DeptCode": "1.9"
	}, {
		"_id": 10,
		"title": "体系办",
		"ParentId": "1",
		"CreateDate": "2019-07-09",
		"LastModified": "2019-07-10",
		"DeptCode": "1.10"
	}, {
		"_id": 11,
		"title": "经营部",
		"ParentId": "1",
		"CreateDate": "2019-07-10",
		"LastModified": "2019-07-11",
		"DeptCode": "1.11"
	}, {
		"_id": 12,
		"title": "二级机构",
		"ParentId": "1",
		"CreateDate": "2019-07-11",
		"LastModified": "2019-07-12",
		"DeptCode": "1.12",
		"expand": true,
		"children": [{
			"_id": 26,
			"title": "测绘院",
			"ParentId": "1.12",
			"CreateDate": "2019-07-18",
			"LastModified": "2019-07-19",
			"DeptCode": "1.12.26"
		}, {
			"_id": 27,
			"title": "测试所",
			"ParentId": "1.12",
			"CreateDate": "2019-07-19",
			"LastModified": "2019-07-20",
			"DeptCode": "1.12.27"
		}, {
			"_id": 28,
			"title": "地调院",
			"ParentId": "1.12",
			"CreateDate": "2019-07-20",
			"LastModified": "2019-07-21",
			"DeptCode": "1.12.28"
		}, {
			"_id": 24,
			"title": "资环院",
			"ParentId": "1.12",
			"CreateDate": "2019-07-16",
			"LastModified": "2019-07-17",
			"DeptCode": "1.12.24"
		}]
	}, {
		"_id": 16,
		"title": "子公司",
		"ParentId": "1",
		"CreateDate": "2019-07-12",
		"LastModified": "2019-07-13",
		"DeptCode": "1.16",
		"expand": true,
		"children": [{
			"_id": 22,
			"title": "华地矿业公司",
			"ParentId": "1.16",
			"CreateDate": "2019-07-14",
			"LastModified": "2019-07-15",
			"DeptCode": "1.16.22"
		}, {
			"_id": 25,
			"title": "工勘院公司",
			"ParentId": "1.16",
			"CreateDate": "2019-07-17",
			"LastModified": "2019-07-18",
			"DeptCode": "1.16.25"
		}]
	}, {
		"_id": 18,
		"title": "分公司",
		"ParentId": "1",
		"CreateDate": "2019-07-13",
		"LastModified": "2019-07-14",
		"DeptCode": "1.18",
		"expand": true,
		"children": [{
			"_id": 23,
			"title": "华地宾馆",
			"ParentId": "1.18",
			"CreateDate": "2019-07-15",
			"LastModified": "2019-07-16",
			"DeptCode": "1.18.23"
		}]
	}]
}